period,ply,avg_white_material,avg_black_material,game_count
pre-ai,1,39.0,39.0,49998
pre-ai,2,39.0,39.0,49998
pre-ai,3,39.0,38.97,49993
pre-ai,4,38.93,38.97,49986
pre-ai,5,38.93,38.87,49980
pre-ai,6,38.75,38.87,49964
pre-ai,7,38.75,38.64,49949
pre-ai,8,38.48,38.64,49900
pre-ai,9,38.48,38.31,49878
pre-ai,10,38.11,38.31,49832
pre-ai,11,38.12,37.92,49796
pre-ai,12,37.68,37.93,49726
pre-ai,13,37.68,37.46,49681
pre-ai,14,37.19,37.47,49596
pre-ai,15,37.19,36.93,49529
pre-ai,16,36.64,36.93,49424
pre-ai,17,36.65,36.36,49346
pre-ai,18,36.04,36.37,49218
pre-ai,19,36.05,35.73,49123
pre-ai,20,35.39,35.75,48963
pre-ai,21,35.4,35.07,48854
pre-ai,22,34.71,35.08,48683
pre-ai,23,34.72,34.37,48525
pre-ai,24,33.99,34.38,48309
pre-ai,25,34.0,33.64,48112
pre-ai,26,33.25,33.66,47859
pre-ai,27,33.26,32.9,47649
pre-ai,28,32.48,32.92,47361
pre-ai,29,32.49,32.13,47147
pre-ai,30,31.7,32.15,46822
pre-ai,31,31.72,31.33,46560
pre-ai,32,30.89,31.36,46239
pre-ai,33,30.92,30.52,45939
pre-ai,34,30.06,30.54,45600
pre-ai,35,30.08,29.7,45291
pre-ai,36,29.21,29.73,44841
pre-ai,37,29.24,28.85,44385
pre-ai,38,28.36,28.88,43873
pre-ai,39,28.4,27.99,43389
pre-ai,40,27.48,28.03,42809
pre-ai,41,27.53,27.12,42231
pre-ai,42,26.6,27.17,41583
pre-ai,43,26.65,26.24,40956
pre-ai,44,25.73,26.29,40279
pre-ai,45,25.78,25.35,39697
pre-ai,46,24.82,25.4,38959
pre-ai,47,24.88,24.46,38252
pre-ai,48,23.94,24.52,37490
pre-ai,49,24.0,23.6,36798
pre-ai,50,23.06,23.65,36024
pre-ai,51,23.13,22.73,35291
pre-ai,52,22.19,22.79,34525
pre-ai,53,22.26,21.86,33827
pre-ai,54,21.35,21.93,33071
pre-ai,55,21.41,21.03,32325
pre-ai,56,20.49,21.08,31603
pre-ai,57,20.57,20.18,30909
pre-ai,58,19.67,20.23,30137
pre-ai,59,19.74,19.37,29409
pre-ai,60,18.88,19.43,28699
pre-ai,61,18.96,18.59,28006
pre-ai,62,18.13,18.66,27292
pre-ai,63,18.2,17.82,26591
pre-ai,64,17.36,17.92,25876
pre-ai,65,17.43,17.1,25214
pre-ai,66,16.64,17.17,24509
pre-ai,67,16.71,16.38,23899
pre-ai,68,15.91,16.46,23237
pre-ai,69,15.98,15.69,22645
pre-ai,70,15.26,15.77,22098
pre-ai,71,15.34,15.02,21496
pre-ai,72,14.6,15.1,20859
pre-ai,73,14.69,14.4,20294
pre-ai,74,13.99,14.48,19739
pre-ai,75,14.07,13.8,19193
pre-ai,76,13.39,13.88,18681
pre-ai,77,13.48,13.21,18133
pre-ai,78,12.82,13.31,17581
pre-ai,79,12.91,12.66,17046
pre-ai,80,12.29,12.74,16541
pre-ai,81,12.37,12.11,16045
pre-ai,82,11.77,12.23,15592
pre-ai,83,11.87,11.62,15113
pre-ai,84,11.28,11.73,14680
pre-ai,85,11.42,11.13,14237
pre-ai,86,10.82,11.24,13811
pre-ai,87,10.95,10.69,13412
pre-ai,88,10.39,10.8,12965
pre-ai,89,10.53,10.28,12572
pre-ai,90,10.01,10.4,12202
pre-ai,91,10.15,9.87,11796
pre-ai,92,9.63,10.02,11453
pre-ai,93,9.79,9.51,11113
pre-ai,94,9.28,9.67,10759
pre-ai,95,9.46,9.19,10450
pre-ai,96,8.94,9.35,10112
pre-ai,97,9.13,8.86,9795
pre-ai,98,8.63,9.04,9498
pre-ai,99,8.81,8.56,9169
pre-ai,100,8.32,8.76,8851
pre-ai,101,8.51,8.28,8587
pre-ai,102,8.08,8.48,8330
pre-ai,103,8.3,8.03,8059
pre-ai,104,7.85,8.25,7785
pre-ai,105,8.05,7.78,7543
pre-ai,106,7.63,8.0,7330
pre-ai,107,7.83,7.57,7099
pre-ai,108,7.41,7.81,6845
pre-ai,109,7.64,7.37,6625
pre-ai,110,7.2,7.6,6389
pre-ai,111,7.41,7.19,6180
pre-ai,112,7.01,7.43,5946
pre-ai,113,7.23,7.01,5728
pre-ai,114,6.81,7.26,5518
pre-ai,115,7.07,6.88,5313
pre-ai,116,6.66,7.17,5122
pre-ai,117,6.89,6.78,4924
pre-ai,118,6.46,7.05,4736
pre-ai,119,6.72,6.64,4546
pre-ai,120,6.39,6.89,4393
pre-ai,121,6.7,6.5,4216
pre-ai,122,6.34,6.81,4062
pre-ai,123,6.62,6.44,3902
pre-ai,124,6.26,6.68,3745
pre-ai,125,6.56,6.27,3578
pre-ai,126,6.2,6.56,3402
pre-ai,127,6.5,6.15,3235
pre-ai,128,6.12,6.42,3097
pre-ai,129,6.43,6.04,2965
pre-ai,130,6.0,6.35,2820
pre-ai,131,6.29,5.93,2691
pre-ai,132,5.92,6.26,2551
pre-ai,133,6.21,5.86,2426
pre-ai,134,5.81,6.18,2311
pre-ai,135,6.1,5.85,2206
pre-ai,136,5.76,6.16,2106
pre-ai,137,6.04,5.78,2017
pre-ai,138,5.69,6.07,1928
pre-ai,139,6.06,5.71,1844
pre-ai,140,5.74,6.03,1747
pre-ai,141,6.01,5.67,1649
pre-ai,142,5.7,5.96,1568
pre-ai,143,6.06,5.69,1495
pre-ai,144,5.75,6.04,1417
pre-ai,145,6.07,5.65,1358
pre-ai,146,5.71,5.94,1288
pre-ai,147,6.08,5.58,1228
pre-ai,148,5.65,5.87,1159
pre-ai,149,5.96,5.55,1117
pre-ai,150,5.55,5.93,1049
pre-ai,151,5.84,5.51,996
pre-ai,152,5.46,5.76,939
pre-ai,153,5.76,5.38,879
pre-ai,154,5.47,5.68,837
pre-ai,155,5.79,5.35,795
pre-ai,156,5.58,5.69,754
pre-ai,157,5.92,5.35,719
pre-ai,158,5.5,5.77,681
pre-ai,159,5.84,5.37,653
pre-ai,160,5.54,5.71,610
pre-ai,161,5.85,5.33,583
pre-ai,162,5.62,5.61,555
pre-ai,163,5.84,5.2,525
pre-ai,164,5.48,5.47,498
pre-ai,165,5.73,5.3,480
pre-ai,166,5.54,5.61,454
pre-ai,167,5.84,5.31,432
pre-ai,168,5.6,5.51,408
pre-ai,169,5.99,5.16,382
pre-ai,170,5.66,5.41,357
pre-ai,171,5.84,5.25,339
pre-ai,172,5.57,5.53,319
pre-ai,173,5.76,5.25,303
pre-ai,174,5.57,5.51,285
pre-ai,175,5.76,5.24,280
pre-ai,176,5.43,5.63,262
pre-ai,177,5.67,5.26,250
pre-ai,178,5.45,5.54,243
pre-ai,179,5.69,5.18,237
pre-ai,180,5.57,5.43,221
pre-ai,181,5.83,5.28,211
pre-ai,182,5.2,5.64,193
pre-ai,183,5.48,5.2,184
pre-ai,184,5.17,5.51,177
pre-ai,185,5.34,5.41,165
pre-ai,186,5.19,5.76,159
pre-ai,187,5.42,5.2,149
pre-ai,188,5.11,5.43,144
pre-ai,189,5.33,5.38,138
pre-ai,190,5.2,5.64,132
pre-ai,191,5.34,5.39,127
pre-ai,192,5.03,5.58,121
pre-ai,193,5.25,5.42,115
pre-ai,194,5.13,5.69,111
pre-ai,195,5.2,5.31,107
pre-ai,196,5.18,5.22,104
pre-ai,197,5.52,4.73,94
pre-ai,198,5.34,4.98,91
pre-ai,199,5.74,4.83,88
pre-ai,200,5.2,5.15,84
pre-ai,201,5.62,4.96,77
pre-ai,202,5.47,4.95,73
pre-ai,203,5.58,4.89,73
pre-ai,204,5.03,5.21,68
pre-ai,205,5.25,4.88,64
pre-ai,206,5.21,4.97,61
pre-ai,207,5.49,4.95,59
pre-ai,208,5.3,5.23,53
pre-ai,209,5.41,5.37,51
pre-ai,210,5.3,5.48,50
pre-ai,211,5.17,4.87,46
pre-ai,212,4.62,4.91,45
pre-ai,213,4.88,4.76,42
pre-ai,214,4.86,4.76,42
pre-ai,215,5.1,4.51,39
pre-ai,216,4.97,4.5,38
pre-ai,217,5.11,4.46,37
pre-ai,218,4.83,4.58,36
pre-ai,219,5.06,4.53,36
pre-ai,220,4.71,4.59,34
pre-ai,221,4.71,4.44,34
pre-ai,222,4.22,4.56,32
pre-ai,223,4.19,4.16,31
pre-ai,224,4.17,4.83,29
pre-ai,225,4.45,4.52,29
pre-ai,226,4.43,4.68,28
pre-ai,227,4.56,4.48,25
pre-ai,228,4.38,4.67,24
pre-ai,229,4.35,4.26,23
pre-ai,230,4.22,4.26,23
pre-ai,231,4.18,4.32,22
pre-ai,232,4.1,4.48,21
pre-ai,233,4.7,4.65,20
pre-ai,234,4.76,4.88,17
pre-ai,235,5.06,4.88,16
pre-ai,236,4.8,6.27,15
pre-ai,237,5.07,6.07,14
pre-ai,238,5.07,6.07,14
pre-ai,239,5.07,6.0,14
pre-ai,240,5.07,6.0,14
pre-ai,241,5.69,5.08,13
pre-ai,242,5.0,5.08,13
pre-ai,243,5.0,5.0,13
pre-ai,244,4.25,6.08,12
pre-ai,245,4.27,5.36,11
pre-ai,246,4.0,5.9,10
pre-ai,247,4.0,5.9,10
pre-ai,248,4.44,6.89,9
pre-ai,249,4.25,6.62,8
pre-ai,250,4.25,6.62,8
pre-ai,251,4.14,7.0,7
pre-ai,252,4.14,7.0,7
pre-ai,253,4.14,7.0,7
pre-ai,254,4.14,7.0,7
pre-ai,255,4.14,7.0,7
pre-ai,256,4.14,7.0,7
pre-ai,257,4.14,7.0,7
pre-ai,258,4.14,7.0,7
pre-ai,259,4.14,7.0,7
pre-ai,260,4.14,8.14,7
pre-ai,261,4.14,8.14,7
pre-ai,262,4.14,9.29,7
pre-ai,263,4.14,9.29,7
pre-ai,264,4.14,9.29,7
pre-ai,265,4.14,9.14,7
pre-ai,266,4.14,9.14,7
pre-ai,267,4.14,9.14,7
pre-ai,268,4.14,9.14,7
pre-ai,269,4.14,9.14,7
pre-ai,270,4.14,9.14,7
pre-ai,271,4.0,10.0,6
pre-ai,272,4.0,10.0,6
pre-ai,273,4.0,10.0,6
pre-ai,274,4.0,11.33,6
pre-ai,275,4.0,11.33,6
pre-ai,276,4.0,11.33,6
pre-ai,277,4.0,11.33,6
pre-ai,278,4.0,11.33,6
pre-ai,279,4.0,11.33,6
pre-ai,280,4.0,11.33,6
pre-ai,281,4.0,11.17,6
pre-ai,282,3.83,11.17,6
pre-ai,283,3.83,11.17,6
pre-ai,284,3.83,11.17,6
pre-ai,285,3.83,11.17,6
pre-ai,286,3.83,11.17,6
pre-ai,287,3.83,11.17,6
pre-ai,288,3.83,11.17,6
pre-ai,289,3.83,11.17,6
pre-ai,290,3.8,14.8,5
pre-ai,291,3.8,14.8,5
pre-ai,292,1.75,18.5,4
pre-ai,293,2.33,5.0,3
pre-ai,294,2.33,5.0,3
pre-ai,295,2.33,5.0,3
pre-ai,296,2.33,5.0,3
pre-ai,297,2.33,5.0,3
pre-ai,298,2.0,5.0,2
pre-ai,299,0.0,4.0,1
pre-ai,300,0.0,4.0,1
pre-ai,301,0.0,4.0,1
pre-ai,302,0.0,4.0,1
pre-ai,303,0.0,4.0,1
pre-ai,304,0.0,4.0,1
pre-ai,305,0.0,4.0,1
pre-ai,306,0.0,4.0,1
pre-ai,307,0.0,4.0,1
pre-ai,308,0.0,4.0,1
pre-ai,309,0.0,4.0,1
pre-ai,310,0.0,4.0,1
pre-ai,311,0.0,4.0,1
pre-ai,312,0.0,4.0,1
pre-ai,313,0.0,4.0,1
pre-ai,314,0.0,4.0,1
pre-ai,315,0.0,4.0,1
pre-ai,316,0.0,4.0,1
pre-ai,317,0.0,4.0,1
pre-ai,318,0.0,4.0,1
pre-ai,319,0.0,4.0,1
pre-ai,320,0.0,4.0,1
pre-ai,321,0.0,4.0,1
pre-ai,322,0.0,4.0,1
pre-ai,323,0.0,4.0,1
pre-ai,324,0.0,4.0,1
pre-ai,325,0.0,4.0,1
pre-ai,326,0.0,4.0,1
pre-ai,327,0.0,4.0,1
pre-ai,328,0.0,4.0,1
early-post-ai,1,39.0,39.0,49998
early-post-ai,2,39.0,39.0,49998
early-post-ai,3,39.0,38.96,49998
early-post-ai,4,38.93,38.96,49998
early-post-ai,5,38.93,38.87,49998
early-post-ai,6,38.74,38.87,49996
early-post-ai,7,38.74,38.62,49992
early-post-ai,8,38.46,38.62,49967
early-post-ai,9,38.46,38.29,49947
early-post-ai,10,38.1,38.29,49924
early-post-ai,11,38.1,37.89,49906
early-post-ai,12,37.66,37.9,49877
early-post-ai,13,37.66,37.43,49862
early-post-ai,14,37.16,37.43,49820
early-post-ai,15,37.16,36.89,49794
early-post-ai,16,36.6,36.89,49733
early-post-ai,17,36.6,36.31,49689
early-post-ai,18,35.99,36.31,49610
early-post-ai,19,36.0,35.68,49532
early-post-ai,20,35.33,35.68,49468
early-post-ai,21,35.33,34.99,49396
early-post-ai,22,34.63,35.0,49298
early-post-ai,23,34.63,34.26,49226
early-post-ai,24,33.88,34.27,49113
early-post-ai,25,33.88,33.5,49015
early-post-ai,26,33.12,33.5,48891
early-post-ai,27,33.12,32.72,48795
early-post-ai,28,32.33,32.73,48646
early-post-ai,29,32.33,31.92,48527
early-post-ai,30,31.51,31.93,48344
early-post-ai,31,31.52,31.08,48196
early-post-ai,32,30.66,31.1,48023
early-post-ai,33,30.67,30.23,47872
early-post-ai,34,29.8,30.24,47641
early-post-ai,35,29.81,29.35,47454
early-post-ai,36,28.91,29.36,47207
early-post-ai,37,28.95,28.46,46623
early-post-ai,38,28.04,28.51,45946
early-post-ai,39,28.08,27.57,45326
early-post-ai,40,27.13,27.62,44585
early-post-ai,41,27.19,26.66,43893
early-post-ai,42,26.21,26.72,43096
early-post-ai,43,26.29,25.77,42309
early-post-ai,44,25.34,25.83,41514
early-post-ai,45,25.41,24.89,40803
early-post-ai,46,24.45,24.96,39932
early-post-ai,47,24.53,23.99,39127
early-post-ai,48,23.57,24.07,38282
early-post-ai,49,23.64,23.13,37477
early-post-ai,50,22.73,23.2,36575
early-post-ai,51,22.81,22.29,35768
early-post-ai,52,21.88,22.36,34892
early-post-ai,53,21.95,21.43,34037
early-post-ai,54,21.04,21.52,33099
early-post-ai,55,21.12,20.62,32291
early-post-ai,56,20.22,20.71,31430
early-post-ai,57,20.32,19.84,30590
early-post-ai,58,19.45,19.93,29690
early-post-ai,59,19.56,19.06,28837
early-post-ai,60,18.71,19.15,27952
early-post-ai,61,18.8,18.3,27163
early-post-ai,62,17.95,18.4,26302
early-post-ai,63,18.04,17.54,25545
early-post-ai,64,17.2,17.64,24726
early-post-ai,65,17.3,16.83,23939
early-post-ai,66,16.5,16.95,23177
early-post-ai,67,16.6,16.17,22464
early-post-ai,68,15.84,16.27,21779
early-post-ai,69,15.95,15.51,21086
early-post-ai,70,15.19,15.62,20369
early-post-ai,71,15.28,14.87,19741
early-post-ai,72,14.53,14.98,19113
early-post-ai,73,14.64,14.26,18463
early-post-ai,74,13.94,14.38,17848
early-post-ai,75,14.04,13.7,17244
early-post-ai,76,13.35,13.8,16664
early-post-ai,77,13.46,13.14,16136
early-post-ai,78,12.82,13.24,15632
early-post-ai,79,12.93,12.62,15088
early-post-ai,80,12.3,12.72,14578
early-post-ai,81,12.44,12.08,14053
early-post-ai,82,11.84,12.21,13550
early-post-ai,83,11.98,11.62,13075
early-post-ai,84,11.38,11.75,12637
early-post-ai,85,11.52,11.17,12162
early-post-ai,86,10.95,11.32,11729
early-post-ai,87,11.07,10.72,11315
early-post-ai,88,10.5,10.86,10885
early-post-ai,89,10.63,10.29,10522
early-post-ai,90,10.11,10.44,10154
early-post-ai,91,10.26,9.92,9777
early-post-ai,92,9.78,10.04,9549
early-post-ai,93,9.9,9.57,9345
early-post-ai,94,9.43,9.66,9122
early-post-ai,95,9.56,9.22,8924
early-post-ai,96,9.1,9.33,8705
early-post-ai,97,9.23,8.89,8495
early-post-ai,98,8.8,8.99,8313
early-post-ai,99,8.94,8.55,8124
early-post-ai,100,8.55,8.69,7909
early-post-ai,101,8.7,8.26,7742
early-post-ai,102,8.28,8.4,7552
early-post-ai,103,8.44,8.0,7366
early-post-ai,104,8.02,8.19,7179
early-post-ai,105,8.19,7.79,7003
early-post-ai,106,7.77,7.97,6841
early-post-ai,107,7.94,7.54,6668
early-post-ai,108,7.53,7.73,6491
early-post-ai,109,7.72,7.34,6318
early-post-ai,110,7.33,7.51,6138
early-post-ai,111,7.51,7.13,5992
early-post-ai,112,7.12,7.34,5829
early-post-ai,113,7.29,6.93,5682
early-post-ai,114,6.93,7.15,5514
early-post-ai,115,7.16,6.83,5385
early-post-ai,116,6.79,7.06,5218
early-post-ai,117,7.01,6.75,5087
early-post-ai,118,6.65,6.93,4972
early-post-ai,119,6.86,6.6,4832
early-post-ai,120,6.49,6.83,4670
early-post-ai,121,6.72,6.46,4522
early-post-ai,122,6.32,6.69,4366
early-post-ai,123,6.57,6.32,4210
early-post-ai,124,6.26,6.59,4075
early-post-ai,125,6.5,6.26,3953
early-post-ai,126,6.15,6.55,3798
early-post-ai,127,6.36,6.21,3672
early-post-ai,128,5.99,6.46,3553
early-post-ai,129,6.22,6.1,3413
early-post-ai,130,5.89,6.32,3313
early-post-ai,131,6.16,5.99,3185
early-post-ai,132,5.82,6.26,3083
early-post-ai,133,6.03,5.98,2973
early-post-ai,134,5.8,6.22,2866
early-post-ai,135,6.04,5.91,2772
early-post-ai,136,5.77,6.16,2684
early-post-ai,137,6.0,5.91,2607
early-post-ai,138,5.66,6.19,2516
early-post-ai,139,5.91,5.83,2431
early-post-ai,140,5.63,6.07,2314
early-post-ai,141,5.9,5.74,2212
early-post-ai,142,5.5,6.0,2120
early-post-ai,143,5.8,5.66,2028
early-post-ai,144,5.51,5.89,1969
early-post-ai,145,5.75,5.58,1892
early-post-ai,146,5.45,5.88,1813
early-post-ai,147,5.69,5.53,1728
early-post-ai,148,5.41,5.75,1665
early-post-ai,149,5.67,5.44,1599
early-post-ai,150,5.39,5.69,1543
early-post-ai,151,5.66,5.49,1489
early-post-ai,152,5.42,5.7,1440
early-post-ai,153,5.66,5.48,1398
early-post-ai,154,5.42,5.71,1352
early-post-ai,155,5.66,5.44,1305
early-post-ai,156,5.36,5.66,1257
early-post-ai,157,5.55,5.46,1215
early-post-ai,158,5.36,5.67,1184
early-post-ai,159,5.6,5.35,1138
early-post-ai,160,5.37,5.52,1093
early-post-ai,161,5.53,5.33,1061
early-post-ai,162,5.27,5.57,1024
early-post-ai,163,5.46,5.33,989
early-post-ai,164,5.18,5.59,944
early-post-ai,165,5.42,5.38,908
early-post-ai,166,5.19,5.55,875
early-post-ai,167,5.39,5.32,846
early-post-ai,168,5.1,5.49,822
early-post-ai,169,5.24,5.35,804
early-post-ai,170,5.07,5.49,787
early-post-ai,171,5.28,5.33,759
early-post-ai,172,5.1,5.44,736
early-post-ai,173,5.27,5.27,712
early-post-ai,174,5.06,5.42,694
early-post-ai,175,5.16,5.24,679
early-post-ai,176,5.0,5.41,670
early-post-ai,177,5.14,5.25,660
early-post-ai,178,5.02,5.43,645
early-post-ai,179,5.15,5.3,631
early-post-ai,180,5.02,5.45,616
early-post-ai,181,5.23,5.31,590
early-post-ai,182,5.08,5.48,561
early-post-ai,183,5.28,5.27,538
early-post-ai,184,5.2,5.4,529
early-post-ai,185,5.29,5.19,518
early-post-ai,186,5.14,5.41,505
early-post-ai,187,5.27,5.15,490
early-post-ai,188,5.11,5.35,471
early-post-ai,189,5.2,5.16,460
early-post-ai,190,4.98,5.3,451
early-post-ai,191,5.15,5.16,436
early-post-ai,192,5.04,5.3,425
early-post-ai,193,5.12,5.15,416
early-post-ai,194,5.01,5.25,408
early-post-ai,195,5.18,5.16,399
early-post-ai,196,5.11,5.26,388
early-post-ai,197,5.19,5.17,383
early-post-ai,198,5.08,5.28,373
early-post-ai,199,5.16,5.25,362
early-post-ai,200,5.05,5.44,348
early-post-ai,201,5.28,5.23,330
early-post-ai,202,5.27,5.32,317
early-post-ai,203,5.43,5.18,300
early-post-ai,204,5.26,5.2,284
early-post-ai,205,5.32,5.15,272
early-post-ai,206,5.21,5.39,261
early-post-ai,207,5.45,5.24,248
early-post-ai,208,5.14,5.5,232
early-post-ai,209,5.41,5.29,220
early-post-ai,210,5.31,5.41,216
early-post-ai,211,5.34,5.38,204
early-post-ai,212,5.34,5.47,193
early-post-ai,213,5.5,5.32,181
early-post-ai,214,5.27,5.47,172
early-post-ai,215,5.53,5.33,163
early-post-ai,216,5.58,5.6,151
early-post-ai,217,5.66,5.57,147
early-post-ai,218,5.67,5.62,144
early-post-ai,219,5.8,5.58,138
early-post-ai,220,5.78,5.67,134
early-post-ai,221,6.02,5.69,125
early-post-ai,222,5.92,5.73,124
early-post-ai,223,6.13,5.58,119
early-post-ai,224,6.07,5.81,115
early-post-ai,225,6.09,5.68,113
early-post-ai,226,6.0,5.89,109
early-post-ai,227,6.16,5.79,104
early-post-ai,228,6.24,5.93,101
early-post-ai,229,6.28,5.9,98
early-post-ai,230,6.24,5.99,96
early-post-ai,231,6.35,5.87,92
early-post-ai,232,6.07,6.0,90
early-post-ai,233,6.26,5.86,88
early-post-ai,234,6.27,6.02,84
early-post-ai,235,6.55,5.79,80
early-post-ai,236,6.29,6.1,77
early-post-ai,237,6.66,6.13,71
early-post-ai,238,6.8,6.47,66
early-post-ai,239,7.1,6.26,61
early-post-ai,240,7.03,6.37,60
early-post-ai,241,7.81,6.38,53
early-post-ai,242,7.79,6.53,53
early-post-ai,243,8.24,6.61,49
early-post-ai,244,8.26,6.68,47
early-post-ai,245,8.26,6.66,47
early-post-ai,246,8.23,6.66,47
early-post-ai,247,8.23,6.66,47
early-post-ai,248,8.28,6.8,46
early-post-ai,249,8.56,6.91,43
early-post-ai,250,8.57,7.07,42
early-post-ai,251,8.62,7.4,40
early-post-ai,252,8.67,7.59,39
early-post-ai,253,8.78,7.42,36
early-post-ai,254,9.03,7.82,34
early-post-ai,255,9.81,7.84,31
early-post-ai,256,9.97,8.07,29
early-post-ai,257,10.18,8.11,28
early-post-ai,258,10.18,8.11,28
early-post-ai,259,10.46,8.11,28
early-post-ai,260,10.46,8.11,28
early-post-ai,261,10.52,8.41,27
early-post-ai,262,10.38,8.69,26
early-post-ai,263,10.8,9.04,25
early-post-ai,264,10.8,9.04,25
early-post-ai,265,10.8,9.04,25
early-post-ai,266,11.17,9.7,23
early-post-ai,267,11.32,9.68,22
early-post-ai,268,10.86,9.77,22
early-post-ai,269,10.86,9.5,22
early-post-ai,270,10.82,9.59,22
early-post-ai,271,10.82,9.55,22
early-post-ai,272,10.68,9.64,22
early-post-ai,273,10.95,9.86,21
early-post-ai,274,9.32,9.26,19
early-post-ai,275,9.67,9.5,18
early-post-ai,276,9.12,10.06,17
early-post-ai,277,9.12,9.88,17
early-post-ai,278,8.94,9.88,17
early-post-ai,279,9.44,10.0,16
early-post-ai,280,9.38,10.0,16
early-post-ai,281,9.38,9.81,16
early-post-ai,282,9.38,9.81,16
early-post-ai,283,9.38,9.81,16
early-post-ai,284,9.31,9.81,16
early-post-ai,285,9.31,9.81,16
early-post-ai,286,9.31,9.81,16
early-post-ai,287,9.31,9.81,16
early-post-ai,288,9.31,9.81,16
early-post-ai,289,9.31,9.81,16
early-post-ai,290,7.87,7.87,15
early-post-ai,291,7.87,7.87,15
early-post-ai,292,7.8,7.87,15
early-post-ai,293,7.8,7.47,15
early-post-ai,294,7.73,7.47,15
early-post-ai,295,7.73,7.47,15
early-post-ai,296,7.79,7.14,14
early-post-ai,297,7.79,7.14,14
early-post-ai,298,7.71,7.14,14
early-post-ai,299,8.29,7.14,14
early-post-ai,300,8.29,7.14,14
early-post-ai,301,8.29,7.07,14
early-post-ai,302,7.31,7.62,13
early-post-ai,303,7.31,7.62,13
early-post-ai,304,7.31,7.62,13
early-post-ai,305,7.31,7.62,13
early-post-ai,306,7.31,7.62,13
early-post-ai,307,7.31,7.62,13
early-post-ai,308,7.31,8.23,13
early-post-ai,309,7.92,8.23,13
early-post-ai,310,8.25,8.67,12
early-post-ai,311,8.25,8.67,12
early-post-ai,312,8.25,8.67,12
early-post-ai,313,8.25,8.67,12
early-post-ai,314,8.25,8.67,12
early-post-ai,315,8.25,8.67,12
early-post-ai,316,8.25,8.67,12
early-post-ai,317,8.25,8.67,12
early-post-ai,318,8.17,8.67,12
early-post-ai,319,8.09,8.64,11
early-post-ai,320,8.09,8.64,11
early-post-ai,321,8.09,8.18,11
early-post-ai,322,7.64,8.18,11
early-post-ai,323,7.64,7.82,11
early-post-ai,324,8.4,8.6,10
early-post-ai,325,8.4,8.6,10
early-post-ai,326,8.4,8.6,10
early-post-ai,327,8.89,8.89,9
early-post-ai,328,9.38,9.5,8
early-post-ai,329,9.38,9.5,8
early-post-ai,330,9.38,9.5,8
early-post-ai,331,9.38,9.5,8
early-post-ai,332,10.29,10.43,7
early-post-ai,333,10.29,10.43,7
early-post-ai,334,10.29,10.43,7
early-post-ai,335,10.29,10.29,7
early-post-ai,336,10.29,10.29,7
early-post-ai,337,12.0,10.0,6
early-post-ai,338,12.0,10.0,6
early-post-ai,339,12.0,10.0,6
early-post-ai,340,13.2,10.8,5
early-post-ai,341,13.2,10.8,5
early-post-ai,342,13.2,10.8,5
early-post-ai,343,13.2,10.8,5
early-post-ai,344,13.2,10.8,5
early-post-ai,345,13.2,10.8,5
early-post-ai,346,3.67,6.33,3
early-post-ai,347,3.67,6.33,3
early-post-ai,348,3.67,6.33,3
early-post-ai,349,4.33,5.33,3
early-post-ai,350,3.0,5.33,3
early-post-ai,351,3.0,5.0,3
early-post-ai,352,3.0,5.0,3
early-post-ai,353,3.0,5.0,3
early-post-ai,354,3.0,5.0,3
early-post-ai,355,3.0,5.0,3
early-post-ai,356,2.67,5.0,3
early-post-ai,357,2.67,4.67,3
early-post-ai,358,2.67,4.67,3
early-post-ai,359,2.67,4.67,3
early-post-ai,360,2.67,4.67,3
early-post-ai,361,2.67,4.67,3
early-post-ai,362,2.67,4.67,3
early-post-ai,363,2.67,4.67,3
early-post-ai,364,2.67,4.67,3
early-post-ai,365,2.67,4.67,3
early-post-ai,366,2.67,4.67,3
early-post-ai,367,2.67,4.67,3
early-post-ai,368,2.67,4.67,3
early-post-ai,369,2.67,4.67,3
early-post-ai,370,2.67,4.67,3
early-post-ai,371,2.67,4.67,3
early-post-ai,372,2.67,7.33,3
early-post-ai,373,2.67,4.33,3
early-post-ai,374,1.0,4.33,3
early-post-ai,375,1.0,4.0,3
early-post-ai,376,1.5,6.0,2
early-post-ai,377,1.5,6.0,2
early-post-ai,378,1.5,6.0,2
early-post-ai,379,1.5,6.0,2
early-post-ai,380,3.0,3.0,1
early-post-ai,381,3.0,3.0,1
early-post-ai,382,3.0,3.0,1
early-post-ai,383,3.0,3.0,1
early-post-ai,384,3.0,3.0,1
early-post-ai,385,3.0,3.0,1
early-post-ai,386,3.0,3.0,1
early-post-ai,387,3.0,3.0,1
early-post-ai,388,3.0,3.0,1
early-post-ai,389,3.0,3.0,1
early-post-ai,390,3.0,3.0,1
early-post-ai,391,3.0,3.0,1
early-post-ai,392,3.0,3.0,1
early-post-ai,393,3.0,3.0,1
early-post-ai,394,3.0,3.0,1
early-post-ai,395,3.0,3.0,1
early-post-ai,396,3.0,3.0,1
early-post-ai,397,3.0,3.0,1
early-post-ai,398,3.0,3.0,1
early-post-ai,399,3.0,3.0,1
early-post-ai,400,3.0,3.0,1
early-post-ai,401,3.0,3.0,1
early-post-ai,402,3.0,3.0,1
early-post-ai,403,3.0,3.0,1
early-post-ai,404,3.0,3.0,1
early-post-ai,405,3.0,3.0,1
nnue-era,1,39.0,39.0,49998
nnue-era,2,39.0,39.0,49998
nnue-era,3,39.0,38.96,49998
nnue-era,4,38.93,38.96,49998
nnue-era,5,38.93,38.86,49998
nnue-era,6,38.74,38.86,49992
nnue-era,7,38.74,38.6,49986
nnue-era,8,38.44,38.6,49967
nnue-era,9,38.44,38.26,49952
nnue-era,10,38.06,38.26,49916
nnue-era,11,38.07,37.85,49892
nnue-era,12,37.62,37.86,49855
nnue-era,13,37.62,37.38,49818
nnue-era,14,37.11,37.38,49760
nnue-era,15,37.11,36.82,49710
nnue-era,16,36.54,36.82,49639
nnue-era,17,36.54,36.23,49580
nnue-era,18,35.91,36.23,49477
nnue-era,19,35.92,35.57,49395
nnue-era,20,35.24,35.58,49291
nnue-era,21,35.25,34.87,49204
nnue-era,22,34.53,34.88,49039
nnue-era,23,34.54,34.15,48922
nnue-era,24,33.79,34.16,48741
nnue-era,25,33.8,33.38,48594
nnue-era,26,33.01,33.39,48432
nnue-era,27,33.02,32.59,48264
nnue-era,28,32.21,32.61,48032
nnue-era,29,32.22,31.78,47839
nnue-era,30,31.37,31.8,47586
nnue-era,31,31.39,30.94,47370
nnue-era,32,30.52,30.95,47057
nnue-era,33,30.53,30.08,46800
nnue-era,34,29.64,30.1,46485
nnue-era,35,29.66,29.2,46196
nnue-era,36,28.75,29.22,45851
nnue-era,37,28.8,28.31,45195
nnue-era,38,27.88,28.37,44443
nnue-era,39,27.94,27.45,43807
nnue-era,40,27.0,27.5,43084
nnue-era,41,27.06,26.56,42391
nnue-era,42,26.09,26.63,41571
nnue-era,43,26.16,25.68,40829
nnue-era,44,25.19,25.74,40047
nnue-era,45,25.26,24.77,39326
nnue-era,46,24.29,24.85,38396
nnue-era,47,24.37,23.89,37563
nnue-era,48,23.42,23.96,36706
nnue-era,49,23.49,22.99,35883
nnue-era,50,22.52,23.07,35005
nnue-era,51,22.61,22.15,34161
nnue-era,52,21.69,22.23,33251
nnue-era,53,21.78,21.32,32429
nnue-era,54,20.85,21.42,31513
nnue-era,55,20.93,20.52,30737
nnue-era,56,20.04,20.6,29874
nnue-era,57,20.15,19.74,29047
nnue-era,58,19.29,19.81,28219
nnue-era,59,19.38,18.95,27427
nnue-era,60,18.52,19.02,26595
nnue-era,61,18.6,18.17,25840
nnue-era,62,17.75,18.24,25064
nnue-era,63,17.83,17.43,24357
nnue-era,64,17.06,17.53,23606
nnue-era,65,17.14,16.74,22915
nnue-era,66,16.34,16.84,22139
nnue-era,67,16.42,16.07,21464
nnue-era,68,15.64,16.14,20790
nnue-era,69,15.75,15.39,20107
nnue-era,70,15.02,15.47,19476
nnue-era,71,15.11,14.76,18854
nnue-era,72,14.38,14.84,18201
nnue-era,73,14.47,14.12,17655
nnue-era,74,13.78,14.21,17088
nnue-era,75,13.88,13.51,16548
nnue-era,76,13.21,13.59,15994
nnue-era,77,13.33,12.96,15487
nnue-era,78,12.7,13.06,14977
nnue-era,79,12.81,12.43,14462
nnue-era,80,12.17,12.53,13942
nnue-era,81,12.28,11.92,13492
nnue-era,82,11.63,12.03,13004
nnue-era,83,11.77,11.42,12546
nnue-era,84,11.18,11.52,12086
nnue-era,85,11.31,10.97,11662
nnue-era,86,10.74,11.1,11223
nnue-era,87,10.87,10.56,10844
nnue-era,88,10.28,10.69,10417
nnue-era,89,10.45,10.16,10045
nnue-era,90,9.94,10.33,9663
nnue-era,91,10.12,9.81,9286
nnue-era,92,9.6,9.92,9030
nnue-era,93,9.73,9.43,8763
nnue-era,94,9.28,9.57,8524
nnue-era,95,9.43,9.08,8283
nnue-era,96,8.94,9.23,8034
nnue-era,97,9.12,8.8,7814
nnue-era,98,8.67,8.96,7596
nnue-era,99,8.83,8.52,7396
nnue-era,100,8.42,8.69,7174
nnue-era,101,8.59,8.27,6984
nnue-era,102,8.17,8.44,6779
nnue-era,103,8.35,7.99,6566
nnue-era,104,7.87,8.19,6354
nnue-era,105,8.09,7.75,6142
nnue-era,106,7.69,7.94,5967
nnue-era,107,7.89,7.48,5771
nnue-era,108,7.47,7.7,5593
nnue-era,109,7.67,7.31,5407
nnue-era,110,7.28,7.51,5219
nnue-era,111,7.53,7.1,5055
nnue-era,112,7.08,7.3,4882
nnue-era,113,7.35,6.86,4720
nnue-era,114,7.0,7.12,4560
nnue-era,115,7.18,6.76,4435
nnue-era,116,6.8,7.0,4293
nnue-era,117,7.03,6.63,4156
nnue-era,118,6.66,6.88,4030
nnue-era,119,6.92,6.48,3894
nnue-era,120,6.6,6.76,3743
nnue-era,121,6.91,6.37,3609
nnue-era,122,6.49,6.61,3458
nnue-era,123,6.79,6.22,3337
nnue-era,124,6.33,6.5,3203
nnue-era,125,6.6,6.09,3091
nnue-era,126,6.25,6.43,2966
nnue-era,127,6.53,6.1,2853
nnue-era,128,6.09,6.39,2731
nnue-era,129,6.43,6.04,2609
nnue-era,130,6.07,6.31,2513
nnue-era,131,6.38,5.96,2425
nnue-era,132,5.99,6.29,2310
nnue-era,133,6.28,5.95,2218
nnue-era,134,5.93,6.27,2104
nnue-era,135,6.27,5.82,1997
nnue-era,136,5.95,6.15,1906
nnue-era,137,6.24,5.81,1823
nnue-era,138,5.87,6.13,1744
nnue-era,139,6.09,5.76,1669
nnue-era,140,5.65,6.05,1593
nnue-era,141,6.02,5.73,1515
nnue-era,142,5.67,6.02,1449
nnue-era,143,5.97,5.63,1378
nnue-era,144,5.61,5.99,1307
nnue-era,145,5.95,5.64,1242
nnue-era,146,5.59,6.05,1181
nnue-era,147,5.88,5.67,1116
nnue-era,148,5.58,5.96,1065
nnue-era,149,5.93,5.61,1011
nnue-era,150,5.65,5.89,978
nnue-era,151,5.92,5.57,938
nnue-era,152,5.51,6.01,883
nnue-era,153,5.7,5.68,846
nnue-era,154,5.41,5.95,818
nnue-era,155,5.66,5.62,778
nnue-era,156,5.33,6.0,734
nnue-era,157,5.65,5.59,695
nnue-era,158,5.33,5.97,667
nnue-era,159,5.66,5.65,630
nnue-era,160,5.37,5.98,594
nnue-era,161,5.58,5.53,569
nnue-era,162,5.33,5.84,546
nnue-era,163,5.63,5.42,516
nnue-era,164,5.46,5.53,497
nnue-era,165,5.66,5.31,480
nnue-era,166,5.41,5.44,463
nnue-era,167,5.62,5.08,444
nnue-era,168,5.27,5.37,412
nnue-era,169,5.58,5.01,392
nnue-era,170,5.25,5.46,367
nnue-era,171,5.46,5.22,350
nnue-era,172,5.26,5.43,334
nnue-era,173,5.37,5.2,322
nnue-era,174,5.14,5.51,311
nnue-era,175,5.52,5.12,285
nnue-era,176,5.18,5.47,273
nnue-era,177,5.3,5.3,261
nnue-era,178,5.11,5.6,243
nnue-era,179,5.38,5.04,225
nnue-era,180,5.18,5.19,217
nnue-era,181,5.37,4.95,210
nnue-era,182,5.27,5.11,202
nnue-era,183,5.46,4.76,190
nnue-era,184,5.34,4.96,180
nnue-era,185,5.74,4.73,170
nnue-era,186,5.48,5.11,161
nnue-era,187,5.63,5.08,155
nnue-era,188,5.24,5.45,148
nnue-era,189,5.54,5.26,140
nnue-era,190,5.39,5.34,137
nnue-era,191,5.55,5.11,133
nnue-era,192,5.48,5.23,124
nnue-era,193,5.85,5.28,117
nnue-era,194,5.39,5.55,109
nnue-era,195,5.58,5.48,104
nnue-era,196,5.35,5.63,97
nnue-era,197,5.63,5.36,91
nnue-era,198,5.57,5.53,89
nnue-era,199,5.69,5.43,84
nnue-era,200,5.61,5.47,79
nnue-era,201,6.08,5.21,73
nnue-era,202,6.04,5.17,70
nnue-era,203,6.04,5.07,70
nnue-era,204,5.74,5.18,66
nnue-era,205,5.73,4.9,62
nnue-era,206,5.24,5.15,59
nnue-era,207,5.33,5.05,58
nnue-era,208,5.29,5.46,56
nnue-era,209,5.38,5.09,55
nnue-era,210,5.15,5.29,52
nnue-era,211,5.41,5.16,51
nnue-era,212,5.24,5.42,50
nnue-era,213,5.52,5.25,48
nnue-era,214,5.64,5.26,47
nnue-era,215,5.67,5.26,46
nnue-era,216,5.5,5.5,44
nnue-era,217,5.79,5.35,43
nnue-era,218,5.79,5.35,43
nnue-era,219,5.9,5.4,42
nnue-era,220,5.95,5.54,41
nnue-era,221,6.22,5.6,40
nnue-era,222,5.9,5.74,39
nnue-era,223,6.31,5.81,36
nnue-era,224,5.41,6.0,34
nnue-era,225,5.41,5.91,34
nnue-era,226,5.38,5.91,34
nnue-era,227,6.06,5.65,31
nnue-era,228,5.81,5.65,31
nnue-era,229,6.0,5.5,30
nnue-era,230,5.63,5.93,27
nnue-era,231,5.63,5.93,27
nnue-era,232,5.59,5.93,27
nnue-era,233,5.81,5.92,26
nnue-era,234,5.77,5.92,26
nnue-era,235,6.08,5.73,26
nnue-era,236,6.08,6.04,26
nnue-era,237,6.32,5.88,25
nnue-era,238,6.12,6.12,24
nnue-era,239,6.68,5.91,22
nnue-era,240,6.29,6.19,21
nnue-era,241,6.29,5.62,21
nnue-era,242,5.81,5.62,21
nnue-era,243,6.1,5.7,20
nnue-era,244,5.89,5.79,19
nnue-era,245,5.89,5.79,19
nnue-era,246,5.89,5.79,19
nnue-era,247,6.39,6.11,18
nnue-era,248,5.88,6.47,17
nnue-era,249,5.88,6.41,17
nnue-era,250,5.88,6.41,17
nnue-era,251,5.88,6.35,17
nnue-era,252,6.06,6.75,16
nnue-era,253,6.07,6.8,15
nnue-era,254,5.47,6.8,15
nnue-era,255,5.47,6.8,15
nnue-era,256,5.33,6.8,15
nnue-era,257,5.33,6.4,15
nnue-era,258,5.33,6.93,15
nnue-era,259,5.33,6.93,15
nnue-era,260,5.33,6.93,15
nnue-era,261,5.33,6.87,15
nnue-era,262,5.33,6.87,15
nnue-era,263,5.33,6.87,15
nnue-era,264,5.33,6.87,15
nnue-era,265,5.33,6.87,15
nnue-era,266,5.36,7.07,14
nnue-era,267,5.36,7.07,14
nnue-era,268,5.54,7.31,13
nnue-era,269,5.54,7.31,13
nnue-era,270,5.54,7.31,13
nnue-era,271,5.54,7.31,13
nnue-era,272,5.54,7.31,13
nnue-era,273,5.42,7.5,12
nnue-era,274,5.42,7.5,12
nnue-era,275,6.08,7.5,12
nnue-era,276,5.64,7.18,11
nnue-era,277,5.3,6.7,10
nnue-era,278,5.3,6.7,10
nnue-era,279,5.89,6.78,9
nnue-era,280,5.78,6.78,9
nnue-era,281,5.88,7.0,8
nnue-era,282,5.88,7.0,8
nnue-era,283,5.88,6.62,8
nnue-era,284,5.88,6.62,8
nnue-era,285,5.88,6.5,8
nnue-era,286,5.88,6.5,8
nnue-era,287,5.88,4.75,8
nnue-era,288,6.0,5.0,7
nnue-era,289,7.0,5.83,6
nnue-era,290,5.6,5.0,5
nnue-era,291,5.6,5.0,5
nnue-era,292,5.6,5.0,5
nnue-era,293,5.6,5.0,5
nnue-era,294,5.6,5.0,5
nnue-era,295,7.2,5.0,5
nnue-era,296,7.2,5.0,5
nnue-era,297,7.2,5.0,5
nnue-era,298,7.2,5.0,5
nnue-era,299,7.2,5.0,5
nnue-era,300,7.2,5.0,5
nnue-era,301,7.2,4.0,5
nnue-era,302,7.2,4.0,5
nnue-era,303,7.2,4.0,5
nnue-era,304,4.5,5.0,4
nnue-era,305,4.5,5.0,4
nnue-era,306,4.5,5.0,4
nnue-era,307,4.5,5.0,4
nnue-era,308,4.5,5.0,4
nnue-era,309,4.67,5.0,3
nnue-era,310,4.0,5.0,2
nnue-era,311,4.0,2.5,2
nnue-era,312,1.5,2.5,2
nnue-era,313,3.0,5.0,1
nnue-era,314,3.0,5.0,1
nnue-era,315,3.0,5.0,1
nnue-era,316,3.0,5.0,1
nnue-era,317,3.0,5.0,1
nnue-era,318,3.0,5.0,1
nnue-era,319,3.0,5.0,1
nnue-era,320,3.0,5.0,1
nnue-era,321,3.0,5.0,1
nnue-era,322,3.0,5.0,1
nnue-era,323,3.0,5.0,1
nnue-era,324,3.0,5.0,1
modern,1,39.0,39.0,49998
modern,2,39.0,39.0,49998
modern,3,39.0,38.96,49998
modern,4,38.93,38.96,49998
modern,5,38.93,38.86,49998
modern,6,38.73,38.86,49992
modern,7,38.73,38.61,49980
modern,8,38.45,38.61,49958
modern,9,38.45,38.29,49947
modern,10,38.08,38.29,49920
modern,11,38.08,37.89,49901
modern,12,37.64,37.89,49858
modern,13,37.64,37.41,49826
modern,14,37.13,37.41,49771
modern,15,37.13,36.86,49729
modern,16,36.57,36.87,49661
modern,17,36.58,36.27,49579
modern,18,35.95,36.28,49465
modern,19,35.96,35.63,49390
modern,20,35.29,35.64,49291
modern,21,35.3,34.94,49200
modern,22,34.58,34.95,49050
modern,23,34.59,34.22,48921
modern,24,33.85,34.23,48763
modern,25,33.86,33.48,48651
modern,26,33.09,33.49,48459
modern,27,33.1,32.69,48299
modern,28,32.29,32.7,48050
modern,29,32.3,31.88,47865
modern,30,31.47,31.9,47619
modern,31,31.48,31.05,47405
modern,32,30.63,31.07,47129
modern,33,30.64,30.2,46848
modern,34,29.78,30.22,46518
modern,35,29.8,29.34,46275
modern,36,28.9,29.36,45961
modern,37,28.95,28.44,45360
modern,38,28.02,28.48,44701
modern,39,28.07,27.55,44045
modern,40,27.15,27.61,43309
modern,41,27.21,26.66,42597
modern,42,26.25,26.71,41831
modern,43,26.31,25.77,41134
modern,44,25.36,25.84,40342
modern,45,25.44,24.89,39590
modern,46,24.46,24.95,38771
modern,47,24.53,24.01,38000
modern,48,23.59,24.07,37178
modern,49,23.65,23.14,36399
modern,50,22.72,23.21,35496
modern,51,22.79,22.26,34691
modern,52,21.85,22.33,33816
modern,53,21.92,21.42,33083
modern,54,21.0,21.49,32257
modern,55,21.07,20.58,31462
modern,56,20.19,20.65,30624
modern,57,20.27,19.77,29795
modern,58,19.39,19.84,28955
modern,59,19.47,18.99,28160
modern,60,18.62,19.05,27372
modern,61,18.69,18.21,26647
modern,62,17.86,18.29,25860
modern,63,17.94,17.47,25132
modern,64,17.14,17.55,24349
modern,65,17.22,16.73,23595
modern,66,16.43,16.8,22844
modern,67,16.51,16.06,22154
modern,68,15.77,16.14,21478
modern,69,15.85,15.4,20839
modern,70,15.11,15.48,20156
modern,71,15.2,14.76,19546
modern,72,14.47,14.84,18914
modern,73,14.55,14.15,18363
modern,74,13.86,14.22,17794
modern,75,13.96,13.53,17207
modern,76,13.29,13.61,16672
modern,77,13.4,12.96,16170
modern,78,12.74,13.04,15652
modern,79,12.83,12.39,15164
modern,80,12.23,12.49,14668
modern,81,12.32,11.9,14224
modern,82,11.71,12.01,13711
modern,83,11.81,11.4,13265
modern,84,11.27,11.51,12822
modern,85,11.38,10.96,12405
modern,86,10.83,11.08,11984
modern,87,10.95,10.53,11565
modern,88,10.4,10.65,11169
modern,89,10.56,10.12,10769
modern,90,10.03,10.23,10374
modern,91,10.17,9.71,10033
modern,92,9.63,9.85,9644
modern,93,9.78,9.31,9275
modern,94,9.29,9.49,8920
modern,95,9.44,9.0,8632
modern,96,8.95,9.18,8287
modern,97,9.09,8.72,8038
modern,98,8.66,8.87,7814
modern,99,8.84,8.44,7589
modern,100,8.42,8.63,7354
modern,101,8.58,8.21,7141
modern,102,8.15,8.4,6916
modern,103,8.33,7.94,6685
modern,104,7.88,8.17,6474
modern,105,8.09,7.72,6251
modern,106,7.68,7.91,6048
modern,107,7.88,7.51,5846
modern,108,7.48,7.72,5626
modern,109,7.68,7.31,5448
modern,110,7.26,7.52,5251
modern,111,7.47,7.07,5071
modern,112,7.07,7.31,4880
modern,113,7.31,6.89,4717
modern,114,6.9,7.12,4526
modern,115,7.14,6.75,4348
modern,116,6.72,7.0,4181
modern,117,6.96,6.61,4030
modern,118,6.6,6.82,3884
modern,119,6.85,6.47,3754
modern,120,6.49,6.76,3598
modern,121,6.75,6.39,3439
modern,122,6.4,6.65,3319
modern,123,6.68,6.31,3164
modern,124,6.36,6.62,3034
modern,125,6.68,6.23,2924
modern,126,6.25,6.47,2803
modern,127,6.54,6.07,2699
modern,128,6.22,6.36,2595
modern,129,6.52,6.0,2474
modern,130,6.2,6.32,2361
modern,131,6.5,5.93,2269
modern,132,6.13,6.23,2176
modern,133,6.43,5.85,2092
modern,134,6.04,6.15,2003
modern,135,6.36,5.79,1905
modern,136,5.99,6.04,1820
modern,137,6.27,5.71,1732
modern,138,5.96,6.01,1653
modern,139,6.32,5.64,1571
modern,140,5.98,5.98,1504
modern,141,6.31,5.77,1449
modern,142,5.96,6.08,1380
modern,143,6.2,5.8,1321
modern,144,5.95,6.1,1260
modern,145,6.24,5.74,1205
modern,146,5.78,6.05,1142
modern,147,6.06,5.67,1080
modern,148,5.83,5.96,1032
modern,149,6.11,5.6,983
modern,150,5.82,5.89,944
modern,151,6.18,5.61,894
modern,152,5.92,5.94,849
modern,153,6.16,5.53,802
modern,154,5.8,5.82,756
modern,155,6.21,5.52,716
modern,156,5.98,5.92,676
modern,157,6.18,5.69,653
modern,158,5.78,6.02,616
modern,159,6.08,5.59,586
modern,160,5.85,5.82,566
modern,161,6.08,5.48,543
modern,162,5.72,5.7,518
modern,163,6.04,5.34,488
modern,164,5.82,5.65,464
modern,165,6.13,5.25,446
modern,166,5.92,5.48,426
modern,167,6.16,5.2,407
modern,168,5.91,5.46,383
modern,169,6.04,5.24,368
modern,170,5.78,5.4,352
modern,171,6.05,5.13,338
modern,172,5.79,5.46,321
modern,173,5.89,5.17,305
modern,174,5.68,5.33,292
modern,175,5.81,5.11,281
modern,176,5.61,5.29,264
modern,177,5.94,4.89,250
modern,178,5.76,5.09,238
modern,179,5.96,4.81,231
modern,180,5.64,5.0,221
modern,181,5.86,4.86,213
modern,182,5.73,5.06,202
modern,183,5.91,4.8,198
modern,184,5.52,5.07,190
modern,185,5.79,4.76,183
modern,186,5.46,4.97,173
modern,187,5.61,4.75,169
modern,188,5.1,4.99,155
modern,189,5.24,4.61,148
modern,190,4.96,4.83,142
modern,191,5.16,4.54,134
modern,192,4.95,4.79,126
modern,193,5.3,4.53,122
modern,194,4.96,4.8,116
modern,195,4.94,4.79,113
modern,196,4.97,4.85,109
modern,197,5.19,4.74,107
modern,198,5.12,5.11,104
modern,199,5.46,4.95,100
modern,200,5.18,5.3,92
modern,201,5.36,5.3,92
modern,202,5.32,5.36,87
modern,203,5.51,5.25,83
modern,204,5.22,5.35,81
modern,205,5.32,5.0,79
modern,206,5.0,5.27,75
modern,207,5.18,5.16,74
modern,208,5.07,5.57,69
modern,209,5.38,5.52,66
modern,210,5.24,5.57,63
modern,211,5.38,5.34,61
modern,212,5.29,5.54,56
modern,213,5.42,5.42,52
modern,214,5.18,5.88,49
modern,215,5.75,4.82,44
modern,216,5.07,4.86,42
modern,217,5.22,4.92,40
modern,218,5.22,4.92,40
modern,219,5.1,4.74,39
modern,220,5.19,4.65,37
modern,221,5.4,4.71,35
modern,222,5.4,4.94,35
modern,223,5.63,4.94,35
modern,224,5.63,4.94,35
modern,225,5.63,4.94,35
modern,226,5.59,5.12,32
modern,227,6.21,4.96,28
modern,228,6.15,5.19,26
modern,229,6.15,5.15,26
modern,230,6.21,5.38,24
modern,231,6.54,5.38,24
modern,232,6.1,5.86,21
modern,233,6.56,5.89,18
modern,234,6.56,5.89,18
modern,235,6.56,5.72,18
modern,236,6.47,5.65,17
modern,237,6.47,5.53,17
modern,238,6.47,5.53,17
modern,239,6.47,5.18,17
modern,240,6.47,5.18,17
modern,241,6.47,5.18,17
modern,242,6.18,5.18,17
modern,243,6.4,5.87,15
modern,244,6.4,5.87,15
modern,245,6.4,5.8,15
modern,246,6.4,5.8,15
modern,247,6.5,6.0,14
modern,248,6.62,5.92,13
modern,249,6.62,5.92,13
modern,250,6.62,5.92,13
modern,251,7.42,6.0,12
modern,252,6.58,6.0,12
modern,253,6.58,5.33,12
modern,254,6.55,5.73,11
modern,255,6.55,5.73,11
modern,256,6.55,5.73,11
modern,257,6.55,5.64,11
modern,258,6.55,5.64,11
modern,259,6.9,5.8,10
modern,260,6.9,5.8,10
modern,261,6.9,5.8,10
modern,262,6.9,5.8,10
modern,263,6.9,5.8,10
modern,264,7.0,6.22,9
modern,265,7.0,6.22,9
modern,266,7.0,6.22,9
modern,267,7.0,6.22,9
modern,268,6.62,6.38,8
modern,269,6.62,5.62,8
modern,270,7.57,6.43,7
modern,271,7.57,6.43,7
modern,272,7.57,6.43,7
modern,273,7.57,6.29,7
modern,274,7.57,6.29,7
modern,275,7.57,6.29,7
modern,276,7.43,6.29,7
modern,277,8.17,6.0,6
modern,278,8.17,6.0,6
modern,279,8.8,6.0,5
modern,280,8.8,6.0,5
modern,281,8.8,6.0,5
modern,282,8.8,6.0,5
modern,283,8.8,6.0,5
modern,284,8.8,6.0,5
modern,285,8.8,6.0,5
modern,286,8.8,6.0,5
modern,287,8.8,6.0,5
modern,288,7.8,6.0,5
modern,289,7.8,5.4,5
modern,290,7.8,5.4,5
modern,291,9.4,5.4,5
modern,292,8.75,6.5,4
modern,293,10.75,6.5,4
modern,294,10.75,6.5,4
modern,295,13.0,7.33,3
modern,296,13.0,7.33,3
modern,297,13.0,7.33,3
modern,298,12.0,7.33,3
modern,299,12.0,7.33,3
modern,300,11.67,7.33,3
modern,301,14.33,7.33,3
modern,302,14.33,7.33,3
modern,303,14.33,7.33,3
modern,304,11.33,7.33,3
modern,305,11.33,7.33,3
modern,306,11.33,7.33,3
modern,307,11.33,7.33,3
modern,308,11.33,7.33,3
modern,309,11.33,7.33,3
modern,310,11.33,10.0,3
modern,311,11.33,9.67,3
modern,312,11.33,9.67,3
modern,313,11.33,9.67,3
modern,314,11.33,9.67,3
modern,315,11.33,9.67,3
modern,316,11.33,9.67,3
modern,317,11.33,9.67,3
modern,318,11.33,9.67,3
modern,319,11.33,9.67,3
modern,320,11.33,9.67,3
modern,321,11.33,9.67,3
modern,322,11.33,9.67,3
modern,323,11.33,6.67,3
modern,324,8.33,6.67,3
modern,325,12.5,8.5,2
modern,326,12.5,8.5,2
modern,327,12.5,6.0,2
modern,328,10.0,6.0,2
modern,329,10.0,6.0,2
modern,330,10.0,6.0,2
modern,331,10.0,6.0,2
modern,332,10.0,6.0,2
modern,333,10.0,4.5,2
modern,334,10.0,4.5,2
modern,335,10.0,4.5,2
modern,336,10.0,4.5,2
modern,337,10.0,4.5,2
modern,338,10.0,4.5,2
modern,339,10.0,4.5,2
modern,340,10.0,4.5,2
modern,341,10.0,4.5,2
modern,342,10.0,4.5,2
modern,343,10.0,4.5,2
modern,344,10.0,4.5,2
modern,345,10.0,4.5,2
modern,346,11.0,9.0,1
modern,347,11.0,9.0,1
modern,348,11.0,9.0,1
modern,349,11.0,9.0,1
modern,350,11.0,9.0,1
modern,351,11.0,9.0,1
modern,352,11.0,9.0,1
modern,353,11.0,9.0,1
modern,354,11.0,9.0,1
modern,355,11.0,9.0,1
modern,356,11.0,9.0,1
modern,357,11.0,9.0,1
modern,358,11.0,9.0,1
modern,359,11.0,9.0,1
modern,360,11.0,9.0,1
modern,361,11.0,9.0,1
modern,362,11.0,9.0,1
modern,363,11.0,9.0,1
modern,364,11.0,9.0,1
modern,365,11.0,9.0,1
modern,366,11.0,9.0,1
modern,367,11.0,9.0,1
modern,368,11.0,9.0,1
modern,369,11.0,9.0,1
modern,370,11.0,9.0,1
modern,371,11.0,9.0,1
modern,372,11.0,9.0,1
modern,373,11.0,9.0,1
modern,374,11.0,9.0,1
modern,375,11.0,9.0,1
modern,376,11.0,9.0,1
modern,377,11.0,9.0,1
modern,378,11.0,9.0,1
modern,379,11.0,9.0,1
modern,380,11.0,9.0,1
modern,381,11.0,9.0,1
modern,382,11.0,9.0,1
modern,383,11.0,9.0,1
modern,384,11.0,9.0,1
modern,385,11.0,9.0,1
modern,386,11.0,9.0,1
modern,387,11.0,9.0,1
modern,388,11.0,9.0,1
modern,389,11.0,9.0,1
modern,390,11.0,9.0,1
modern,391,11.0,9.0,1
modern,392,11.0,9.0,1
modern,393,11.0,9.0,1
modern,394,11.0,9.0,1
modern,395,11.0,9.0,1
modern,396,11.0,9.0,1
modern,397,11.0,9.0,1
modern,398,11.0,9.0,1
modern,399,11.0,9.0,1
modern,400,11.0,9.0,1
modern,401,11.0,9.0,1
modern,402,11.0,9.0,1
modern,403,11.0,9.0,1
modern,404,11.0,9.0,1
modern,405,11.0,9.0,1
modern,406,11.0,9.0,1
modern,407,11.0,9.0,1
modern,408,11.0,9.0,1
modern,409,11.0,9.0,1
modern,410,11.0,9.0,1
modern,411,11.0,9.0,1
modern,412,11.0,9.0,1
modern,413,11.0,9.0,1
modern,414,11.0,9.0,1
modern,415,11.0,9.0,1
modern,416,11.0,9.0,1
modern,417,11.0,9.0,1
modern,418,11.0,9.0,1
modern,419,11.0,9.0,1
modern,420,11.0,9.0,1
modern,421,11.0,9.0,1
modern,422,11.0,9.0,1
modern,423,11.0,9.0,1
modern,424,11.0,9.0,1
modern,425,11.0,9.0,1
modern,426,11.0,9.0,1
modern,427,11.0,9.0,1
modern,428,11.0,9.0,1
